t_id,t_content
~s,
string,string
Id,
td_mode_chapter,td_mode_chapter
td_mode_endless,td_mode_endless
td_mode_tutorial,td_mode_tutorial
td_lobby_entry,td_lobby_entry
td_hud_default_player,td_hud_default_player
td_hud_stage,td_hud_stage
td_hud_wave,td_hud_wave
td_hud_base,td_hud_base
td_hud_monster,td_hud_monster
td_hud_energy,td_hud_energy
td_hud_battle_end,td_hud_battle_end
td_hud_prepare,td_hud_prepare
td_hud_level_up_time,td_hud_level_up_time
td_hud_battle_run,td_hud_battle_run
td_hud_level_up_run,td_hud_level_up_run
td_hud_level_up_ready,td_hud_level_up_ready
td_hud_score,td_hud_score
td_hud_full_level,td_hud_full_level
td_hud_level_short,td_hud_level_short
td_hud_hp,td_hud_hp
td_hud_cd,td_hud_cd
td_hud_skill_empty,td_hud_skill_empty
td_hud_skill_ready,td_hud_skill_ready
td_hud_energy_empty,td_hud_energy_empty
td_hud_team_exp,td_hud_team_exp
td_notice_level_up,td_notice_level_up
td_notice_elite,td_notice_elite
td_notice_boss,td_notice_boss
td_notice_theme,td_notice_theme
td_notice_wave,td_notice_wave
td_notice_boss_skill,td_notice_boss_skill
td_notice_upgrade_attack,td_notice_upgrade_attack
td_lobby_profile,td_lobby_profile
td_lobby_stage_label,td_lobby_stage_label
td_lobby_endless_stage_label,td_lobby_endless_stage_label
td_lobby_stage,td_lobby_stage
td_lobby_stage_invalid,td_lobby_stage_invalid
td_lobby_player_label,td_lobby_player_label
td_lobby_player_count,td_lobby_player_count
td_prepare_title,td_prepare_title
td_prepare_stage,td_prepare_stage
td_prepare_player_count,td_prepare_player_count
td_prepare_base,td_prepare_base
td_prepare_player,td_prepare_player
td_prepare_role,td_prepare_role
td_prepare_hand,td_prepare_hand
td_prepare_state_ready,td_prepare_state_ready
td_prepare_role_fallback,td_prepare_role_fallback
td_hand_left,td_hand_left
td_hand_right,td_hand_right
td_pause_title,td_pause_title
td_pause_summary,td_pause_summary
td_result_chapter_title,td_result_chapter_title
td_result_chapter_fail_title,td_result_chapter_fail_title
td_result_stage,td_result_stage
td_result_star,td_result_star
td_result_base,td_result_base
td_result_kill_summary,td_result_kill_summary
td_result_kill_reward,td_result_kill_reward
td_result_clear_reward,td_result_clear_reward
td_result_total_reward,td_result_total_reward
td_result_time,td_result_time
td_result_unlock_stage,td_result_unlock_stage
td_result_endless_title,td_result_endless_title
td_result_endless_wave,td_result_endless_wave
td_result_endless_best_wave,td_result_endless_best_wave
td_result_endless_kill_detail_line,td_result_endless_kill_detail_line
td_result_endless_kill_detail_empty,td_result_endless_kill_detail_empty
td_result_endless_rank_score,td_result_endless_rank_score
td_result_endless_rank_position,td_result_endless_rank_position
td_result_endless_rank_pending,td_result_endless_rank_pending
td_result_endless_rank_submitted,td_result_endless_rank_submitted
td_result_endless_rank_failed,td_result_endless_rank_failed
td_loading_enter_battle,td_loading_enter_battle
td_loading_return_lobby,td_loading_return_lobby
td_game_title,td_game_title
hero_tooth_1,hero_tooth_1
hero_tooth_1_desc,hero_tooth_1_desc
hero_tooth_2,hero_tooth_2
hero_tooth_2_desc,hero_tooth_2_desc
hero_tooth_3,hero_tooth_3
hero_tooth_3_desc,hero_tooth_3_desc
hero_tooth_4,hero_tooth_4
hero_tooth_4_desc,hero_tooth_4_desc
hero_tooth_normal_name,hero_tooth_normal_name
hero_tooth_normal_desc,hero_tooth_normal_desc
hero_tooth_1_skill_name,hero_tooth_1_skill_name
hero_tooth_1_skill_desc,
hero_tooth_2_skill_name,hero_tooth_2_skill_name
hero_tooth_2_skill_desc,
hero_tooth_3_skill_name,hero_tooth_3_skill_name
hero_tooth_3_skill_desc,
hero_tooth_4_skill_name,hero_tooth_4_skill_name
hero_tooth_4_skill_desc,
boss_desc_icecream,boss_desc_icecream
boss_desc_icecream_2,boss_desc_icecream_2
boss_desc_icecream_3,boss_desc_icecream_3
boss_desc_cake,boss_desc_cake
boss_desc_cake_2,boss_desc_cake_2
boss_desc_candy,boss_desc_candy
boss_desc_candy_2,boss_desc_candy_2
boss_desc_jelly,boss_desc_jelly
boss_desc_jelly_2,boss_desc_jelly_2
boss_desc_donut,boss_desc_donut
sdk_demo_account_info_missing,sdk_demo_account_info_missing
sdk_demo_audio_is_playing,sdk_demo_audio_is_playing
sdk_demo_audio_path,sdk_demo_audio_path
sdk_demo_audio_play_pause,sdk_demo_audio_play_pause
sdk_demo_audio_play_resume,sdk_demo_audio_play_resume
sdk_demo_audio_play_start,sdk_demo_audio_play_start
sdk_demo_audio_play_stop,sdk_demo_audio_play_stop
sdk_demo_audio_progress,sdk_demo_audio_progress
sdk_demo_audio_release,sdk_demo_audio_release
sdk_demo_audio_state,sdk_demo_audio_state
sdk_demo_batch_file_written,sdk_demo_batch_file_written
sdk_demo_camera_index,sdk_demo_camera_index
sdk_demo_cancel,sdk_demo_cancel
sdk_demo_change_camera,sdk_demo_change_camera
sdk_demo_change_model,sdk_demo_change_model
sdk_demo_change_resolution,sdk_demo_change_resolution
sdk_demo_check_log,sdk_demo_check_log
sdk_demo_confirm,sdk_demo_confirm
sdk_demo_currency_info_empty,sdk_demo_currency_info_empty
sdk_demo_currency_info_header,sdk_demo_currency_info_header
sdk_demo_currency_info_line,sdk_demo_currency_info_line
sdk_demo_current_vip,sdk_demo_current_vip
sdk_demo_current_yuanqidou,sdk_demo_current_yuanqidou
sdk_demo_distance_check_close,sdk_demo_distance_check_close
sdk_demo_distance_check_open,sdk_demo_distance_check_open
sdk_demo_enter_sub_navigation,sdk_demo_enter_sub_navigation
sdk_demo_face_area_threshold,sdk_demo_face_area_threshold
sdk_demo_face_check_frame_interval,sdk_demo_face_check_frame_interval
sdk_demo_face_feature_not_enough,sdk_demo_face_feature_not_enough
sdk_demo_face_output_all,sdk_demo_face_output_all
sdk_demo_face_output_minimal,sdk_demo_face_output_minimal
sdk_demo_face_output_user,sdk_demo_face_output_user
sdk_demo_face_queue_empty,sdk_demo_face_queue_empty
sdk_demo_face_recognition_start,sdk_demo_face_recognition_start
sdk_demo_face_recognition_stop,sdk_demo_face_recognition_stop
sdk_demo_face_similarity_a,sdk_demo_face_similarity_a
sdk_demo_face_similarity_b,sdk_demo_face_similarity_b
sdk_demo_face_size,sdk_demo_face_size
sdk_demo_face_threshold,sdk_demo_face_threshold
sdk_demo_file_count,sdk_demo_file_count
sdk_demo_file_list_count,sdk_demo_file_list_count
sdk_demo_free,sdk_demo_free
sdk_demo_global_status_title,sdk_demo_global_status_title
sdk_demo_gyro_option,sdk_demo_gyro_option
sdk_demo_hand_code,sdk_demo_hand_code
sdk_demo_hand_left_pos,sdk_demo_hand_left_pos
sdk_demo_hand_left_press,sdk_demo_hand_left_press
sdk_demo_hand_right_pos,sdk_demo_hand_right_pos
sdk_demo_hand_right_press,sdk_demo_hand_right_press
sdk_demo_head_image_missing,sdk_demo_head_image_missing
sdk_demo_input_height,sdk_demo_input_height
sdk_demo_input_width,sdk_demo_input_width
sdk_demo_kpt_num,sdk_demo_kpt_num
sdk_demo_led_closed,sdk_demo_led_closed
sdk_demo_led_opened,sdk_demo_led_opened
sdk_demo_method_deprecated,sdk_demo_method_deprecated
sdk_demo_model_title,sdk_demo_model_title
sdk_demo_name,sdk_demo_name
sdk_demo_nfc_action,sdk_demo_nfc_action
sdk_demo_nfc_card_id,sdk_demo_nfc_card_id
sdk_demo_nfc_card_info_null,sdk_demo_nfc_card_info_null
sdk_demo_nfc_custom_data,sdk_demo_nfc_custom_data
sdk_demo_nfc_detail_title,sdk_demo_nfc_detail_title
sdk_demo_nfc_flags,sdk_demo_nfc_flags
sdk_demo_nfc_key_card_ignored,sdk_demo_nfc_key_card_ignored
sdk_demo_nfc_permissions,sdk_demo_nfc_permissions
sdk_demo_nfc_status,sdk_demo_nfc_status
sdk_demo_nfc_type,sdk_demo_nfc_type
sdk_demo_nfc_ver,sdk_demo_nfc_ver
sdk_demo_no_gyro,sdk_demo_no_gyro
sdk_demo_player_lost,sdk_demo_player_lost
sdk_demo_player_not_game,sdk_demo_player_not_game
sdk_demo_player_recovered,sdk_demo_player_recovered
sdk_demo_player_status_empty,sdk_demo_player_status_empty
sdk_demo_player_status_line,sdk_demo_player_status_line
sdk_demo_player_status_title,sdk_demo_player_status_title
sdk_demo_product_already_purchased_detail,sdk_demo_product_already_purchased_detail
sdk_demo_product_already_purchased_tip,sdk_demo_product_already_purchased_tip
sdk_demo_product_detail_id,sdk_demo_product_detail_id
sdk_demo_product_detail_intro,sdk_demo_product_detail_intro
sdk_demo_product_detail_name,sdk_demo_product_detail_name
sdk_demo_product_detail_original,sdk_demo_product_detail_original
sdk_demo_product_detail_price,sdk_demo_product_detail_price
sdk_demo_product_detail_sub_name,sdk_demo_product_detail_sub_name
sdk_demo_product_detail_title,sdk_demo_product_detail_title
sdk_demo_product_item_line,sdk_demo_product_item_line
sdk_demo_product_items_header,sdk_demo_product_items_header
sdk_demo_product_list_empty_hint,sdk_demo_product_list_empty_hint
sdk_demo_product_list_header,sdk_demo_product_list_header
sdk_demo_product_list_item,sdk_demo_product_list_item
sdk_demo_product_list_selected,sdk_demo_product_list_selected
sdk_demo_product_query_first_buy,sdk_demo_product_query_first_buy
sdk_demo_product_query_first_switch,sdk_demo_product_query_first_switch
sdk_demo_purchase_failed_detail,sdk_demo_purchase_failed_detail
sdk_demo_purchase_prepare,sdk_demo_purchase_prepare
sdk_demo_purchase_product_failed,sdk_demo_purchase_product_failed
sdk_demo_purchase_product_success,sdk_demo_purchase_product_success
sdk_demo_purchase_record_failed_detail,sdk_demo_purchase_record_failed_detail
sdk_demo_purchase_record_failed_tip,sdk_demo_purchase_record_failed_tip
sdk_demo_purchase_success_detail,sdk_demo_purchase_success_detail
sdk_demo_purchasing_detail,sdk_demo_purchasing_detail
sdk_demo_query_product_failed,sdk_demo_query_product_failed
sdk_demo_query_product_failed_detail,sdk_demo_query_product_failed_detail
sdk_demo_query_product_success,sdk_demo_query_product_success
sdk_demo_query_product_success_count,sdk_demo_query_product_success_count
sdk_demo_query_product_success_empty,sdk_demo_query_product_success_empty
sdk_demo_query_product_wait,sdk_demo_query_product_wait
sdk_demo_query_purchased_failed,sdk_demo_query_purchased_failed
sdk_demo_query_purchased_failed_detail,sdk_demo_query_purchased_failed_detail
sdk_demo_query_purchased_success,sdk_demo_query_purchased_success
sdk_demo_query_purchased_success_detail,sdk_demo_query_purchased_success_detail
sdk_demo_query_purchased_success_product_empty,sdk_demo_query_purchased_success_product_empty
sdk_demo_query_purchased_wait,sdk_demo_query_purchased_wait
sdk_demo_ready_all_done,sdk_demo_ready_all_done
sdk_demo_ready_cancel,sdk_demo_ready_cancel
sdk_demo_ready_done,sdk_demo_ready_done
sdk_demo_ready_empty,sdk_demo_ready_empty
sdk_demo_ready_no_pose,sdk_demo_ready_no_pose
sdk_demo_ready_out_area,sdk_demo_ready_out_area
sdk_demo_ready_progress,sdk_demo_ready_progress
sdk_demo_recording_is_recording,sdk_demo_recording_is_recording
sdk_demo_region_index,sdk_demo_region_index
sdk_demo_remote_speaker_enabled,sdk_demo_remote_speaker_enabled
sdk_demo_remote_vibration_enabled,sdk_demo_remote_vibration_enabled
sdk_demo_resolution_height,sdk_demo_resolution_height
sdk_demo_resolution_width,sdk_demo_resolution_width
sdk_demo_restart_game,sdk_demo_restart_game
sdk_demo_role_select_enter,sdk_demo_role_select_enter
sdk_demo_role_select_exit,sdk_demo_role_select_exit
sdk_demo_role_select_slot,sdk_demo_role_select_slot
sdk_demo_role_select_success,sdk_demo_role_select_success
sdk_demo_role_select_wait,sdk_demo_role_select_wait
sdk_demo_screenshot_is_capturing,sdk_demo_screenshot_is_capturing
sdk_demo_single_file_written,sdk_demo_single_file_written
sdk_demo_speaker_opened,sdk_demo_speaker_opened
sdk_demo_stats_account_changed,sdk_demo_stats_account_changed
sdk_demo_stats_service_bind_failed,sdk_demo_stats_service_bind_failed
sdk_demo_stats_service_disconnected,sdk_demo_stats_service_disconnected
sdk_demo_test_toast,sdk_demo_test_toast
sdk_demo_type,sdk_demo_type
sdk_demo_video_is_generating,sdk_demo_video_is_generating
sdk_demo_vip_info_empty,sdk_demo_vip_info_empty
sdk_demo_vip_info_header,sdk_demo_vip_info_header
sdk_demo_vip_info_line,sdk_demo_vip_info_line
sdk_demo_wifi_error_detail,sdk_demo_wifi_error_detail
sdk_demo_wifi_error_tip,sdk_demo_wifi_error_tip
sdk_demo_global_status_waiting_update,sdk_demo_global_status_waiting_update
td_result_continue_challenge,td_result_continue_challenge
td_result_retry_challenge,td_result_retry_challenge
td_prepare_wait_center,td_prepare_wait_center
td_prepare_face_recognizing,td_prepare_face_recognizing
td_prepare_wait_raise_hand,td_prepare_wait_raise_hand
td_prepare_error_sdk_data_missing,td_prepare_error_sdk_data_missing
td_prepare_error_all_ready,td_prepare_error_all_ready
td_chapter_locked,td_chapter_locked
td_error_battle_request_empty,td_error_battle_request_empty
td_error_prepare_request_empty,td_error_prepare_request_empty
td_error_prepare_no_guard_roles,td_error_prepare_no_guard_roles
td_error_stage_guard_map_missing,td_error_stage_guard_map_missing
td_error_stage_guard_map_empty,td_error_stage_guard_map_empty
td_error_stage_guard_map_invalid,td_error_stage_guard_map_invalid
td_error_prepare_invalid_seat,td_error_prepare_invalid_seat
td_error_prepare_seat_out_count,td_error_prepare_seat_out_count
td_error_prepare_sdk_seat_only,td_error_prepare_sdk_seat_only
td_error_prepare_sdk_binding_missing,td_error_prepare_sdk_binding_missing
td_error_select_min_one_seat,td_error_select_min_one_seat
td_error_battle_stage_missing,td_error_battle_stage_missing
td_error_battle_stage_locked,td_error_battle_stage_locked
td_error_battle_player_map_missing,td_error_battle_player_map_missing
td_error_stage_guard_slot_missing,td_error_stage_guard_slot_missing
td_error_selected_role_missing,td_error_selected_role_missing
td_error_battle_player_role_missing,td_error_battle_player_role_missing
td_prepare_face_enter_area,td_prepare_face_enter_area
td_prepare_face_wait_avatar_select,td_prepare_face_wait_avatar_select
td_prepare_face_select_avatar,td_prepare_face_select_avatar
